,,,,,,,,,,,,,,,,,,,,,,,,,,,,,,,,,,,,
Anisotropy Calculations,,,,,,,,,,,,,,,,,,,,,,,,,,,,,,,,,,,,
American Mineralogist: June 2018 Deposit AM-18-66285,,,,,,,,,,,,,,,,,,,,,,,,,,,,,,,,,,,,
DUFFY: SINGLE-CRYSTAL ELASTIC PROPERTIES OF CUBIC MINERALS,,,,,,,,,,,,,,,,,,,,,,,,,,,,,,,,,,,,
Name,Composition,Group,Structure/SG,C1,NS,r,11,44,12,K,GR,GV,G,GHS1,GHS2,GHSA,K/G,nVRH,EVRH,VP,VB,VS,VP/VS,C12/C11,C44/C11,AZ,AU,AL,AG,,n_110,n_001,,S11,S12,S44
Silicates,,,,,,g/cm3,GPa,GPa,GPa,GPa,GPa,GPa,GPa,GPa,GPa,GPa,-,-,GPa,km/s,km/s,km/s,-,-,-,-,-,-,%,,-,-,,GPa-1,GPa-1,GPa-1
Prp,Mg3Al2Si3O12,Silicate,"Garnet, Ia-3d",7,9.AD,3.567,297,93,108,171.000,93.594,93.600,93.597,93.597,93.597,93.597,1.827,0.269,237.466,9.106,6.924,5.122,1.778,0.364,0.313,0.9841,0.0003,0.0001,0.003,,0.274,0.264,,0.0042,-0.0011,0.0108
Prp,Mg3(Al0.985Mg0.015)2Si3O12,Silicate,"Garnet, Ia-3d",7,9.AD,3.567,296.2,91.6,111.1,172.800,91.978,91.980,91.979,91.979,91.979,91.979,1.879,0.274,234.355,9.101,6.960,5.078,1.792,0.375,0.309,0.9897,0.0001,0.0001,0.001,,0.278,0.271,,0.0042,-0.0012,0.0109
Prp-Alm,(Mg0.90Fe0.08Ca0.02)3Al2Si3O12,Silicate,"Garnet, Ia-3d",7,9.AD,3.609,297.6,92.7,109.8,172.400,93.176,93.180,93.178,93.178,93.178,93.178,1.850,0.271,236.862,9.066,6.912,5.081,1.784,0.369,0.311,0.9872,0.0002,0.0001,0.002,,0.275,0.267,,0.0042,-0.0011,0.0108
Prp-Alm-Grs,(Mg0.73Fe0.16Ca0.10Mn0.01)3(Al0.91Cr0.05Fe0.04)2Si3O12,Silicate,"Garnet, Ia-3d",7,9.AD,3.704,295.6,91.6,107.2,170.000,92.623,92.640,92.631,92.632,92.632,92.632,1.835,0.269,235.178,8.902,6.775,5.001,1.780,0.363,0.310,0.9724,0.0009,0.0004,0.009,,0.279,0.261,,0.0042,-0.0011,0.0109
Prp-Alm-Grs,(Mg0.73Fe0.16Ca0.11Mn0.01)3(Al0.90Cr0.06Fe0.04)Si3O12,Silicate,"Garnet, Ia-3d",7,9.AD,3.705,296.9,91.7,108.5,171.300,92.684,92.700,92.692,92.692,92.692,92.692,1.848,0.271,235.584,8.921,6.800,5.002,1.784,0.365,0.309,0.9735,0.0009,0.0004,0.009,,0.280,0.263,,0.0042,-0.0011,0.0109
Prp-Alm,(Mg0.73Fe0.14Ca0.12Mn0.01)3(Al0.88Cr0.09Fe0.03)Si3O12,Silicate,"Garnet, Ia-3d",7,9.AD,3.699,297.5,90.7,108.7,171.633,92.145,92.180,92.162,92.163,92.163,92.163,1.862,0.272,234.512,8.923,6.812,4.992,1.788,0.365,0.305,0.9608,0.0019,0.0009,0.019,,0.286,0.261,,0.0042,-0.0011,0.0110
Prp-Alm-Uv,(Mg0.70Fe0.16Ca0.13Mn0.01)3(Al0.89Cr0.09Fe0.02)2Si3O12,Silicate,"Garnet, Ia-3d",7,9.AD,3.723,296.0,90.8,108.2,170.800,92.015,92.040,92.028,92.028,92.028,92.028,1.856,0.272,234.047,8.879,6.773,4.972,1.786,0.366,0.307,0.9670,0.0014,0.0006,0.014,,0.283,0.262,,0.0042,-0.0011,0.0110
Prp-Alm-Grs,(Mg0.68Fe0.25Ca0.05Mn0.02)3Al2Si3O12,Silicate,"Garnet, Ia-3d",7,9.AD,3.831,290.4,92.2,106.2,167.600,92.160,92.160,92.160,92.160,92.160,92.160,1.819,0.268,233.653,8.708,6.614,4.905,1.775,0.366,0.317,1.0011,0.0000,0.0000,0.000,,0.267,0.268,,0.0043,-0.0011,0.0108
Prp-Alm,(Mg0.62Fe0.36Ca0.02)3Al2Si3O12,Silicate,"Garnet, Ia-3d",7,9.AD,3.839,301.4,94.3,110,173.800,94.855,94.860,94.858,94.858,94.858,94.858,1.832,0.269,240.770,8.844,6.728,4.971,1.779,0.365,0.313,0.9854,0.0003,0.0001,0.003,,0.274,0.265,,0.0041,-0.0011,0.0106
Prp-Alm-Grs,(Mg0.55Fe0.37Ca0.06Mn0.01)3Al2Si3O12,Silicate,"Garnet, Ia-3d",7,9.AD,3.868,300.2,94.6,108.2,172.200,95.155,95.160,95.158,95.158,95.158,95.158,1.810,0.267,241.068,8.793,6.672,4.960,1.773,0.360,0.315,0.9854,0.0003,0.0001,0.003,,0.272,0.262,,0.0041,-0.0011,0.0106
Prp-Alm-Grs,(Mg0.51Fe0.32Ca0.16Mn0.01)3(Al0.98Fe0.02)2(Si0.99Ti0.01)3O12,Silicate,"Garnet, Ia-3d",7,9.AD,3.810,299.1,93.7,106.7,170.833,94.684,94.700,94.692,94.692,94.692,94.692,1.804,0.266,239.774,8.830,6.696,4.985,1.771,0.357,0.313,0.9740,0.0008,0.0004,0.008,,0.275,0.259,,0.0041,-0.0011,0.0107
Prp-Alm,(Mg0.50Fe0.45Ca0.04Mn0.01)3(Al0.99Fe0.01)2Si3O12,Silicate,"Garnet, Ia-3d",7,9.AD,3.916,301.7,95.0,109.7,173.700,95.397,95.400,95.399,95.399,95.399,95.399,1.821,0.268,241.909,8.766,6.660,4.936,1.776,0.364,0.315,0.9896,0.0001,0.0001,0.001,,0.272,0.265,,0.0041,-0.0011,0.0105
Prp-Alm-Grs,(Fe0.50Mg0.35Ca0.14Mn0.01)3Al2Si3O12,Silicate,"Garnet, Ia-3d",7,9.AD,3.937,304.5,95.4,109.9,174.767,96.151,96.160,96.156,96.156,96.156,96.156,1.818,0.268,243.761,8.772,6.663,4.942,1.775,0.361,0.313,0.9805,0.0005,0.0002,0.005,,0.274,0.262,,0.0041,-0.0011,0.0105
Alm-Prp-Grs,(Fe0.48Mg0.41Ca0.10Mn0.01)3(Al0.99Fe0.01)2Si3O12,Silicate,"Garnet, Ia-3d",7,9.AD,3.930,303.6,94.9,110.6,174.933,95.534,95.540,95.537,95.537,95.537,95.537,1.831,0.269,242.470,8.771,6.672,4.930,1.779,0.364,0.313,0.9834,0.0003,0.0002,0.003,,0.275,0.264,,0.0041,-0.0011,0.0105
Alm-Prp-Grs,(Fe0.51Mg0.39Ca0.09Mn0.01)3(Al0.99Fe0.01)Si3O12,Silicate,"Garnet, Ia-3d",7,9.AD,3.945,302.7,95.1,108.7,173.367,95.851,95.860,95.855,95.856,95.856,95.856,1.809,0.267,242.815,8.737,6.629,4.929,1.773,0.359,0.314,0.9804,0.0005,0.0002,0.005,,0.273,0.261,,0.0041,-0.0011,0.0105
Alm-Prp-Grs,(Fe0.54Mg0.39Ca0.06Mn0.01)3(Al0.99Fe0.01)2Si3O12,Silicate,"Garnet, Ia-3d",7,9.AD,3.976,302.7,94.7,109.1,173.633,95.529,95.540,95.534,95.535,95.535,95.535,1.817,0.268,242.186,8.701,6.608,4.902,1.775,0.360,0.313,0.9783,0.0006,0.0003,0.006,,0.275,0.261,,0.0041,-0.0011,0.0106
Alm-Prp-Spr,(Fe0.60Mg0.28Mn0.09Ca0.03)3(Al0.97Fe0.03)2Si3O12,Silicate,"Garnet, Ia-3d",7,9.AD,4.043,305.5,95.3,110.3,175.367,96.207,96.220,96.213,96.214,96.214,96.214,1.823,0.268,244.015,8.666,6.586,4.878,1.777,0.361,0.312,0.9764,0.0007,0.0003,0.007,,0.276,0.261,,0.0040,-0.0011,0.0105
Alm-Prp-Spr,(Fe0.64Mg0.22Mn0.11Ca0.03)3(Al0.98Fe0.02)2Si3O12,Silicate,"Garnet, Ia-3d",7,9.AD,4.131,306.7,94.9,111.9,176.833,95.884,95.900,95.892,95.892,95.892,95.892,1.844,0.270,243.637,8.588,6.543,4.818,1.783,0.365,0.309,0.9743,0.0008,0.0004,0.008,,0.279,0.263,,0.0041,-0.0011,0.0105
Alm-Prp,(Fe0.76Mg0.21Ca0.03)3Al2Si3O12,Silicate,"Garnet, Ia-3d",7,9.AD,4.1602,306.2,92.7,112.5,177.067,94.317,94.360,94.338,94.339,94.339,94.339,1.877,0.274,240.333,8.532,6.524,4.762,1.792,0.367,0.303,0.9572,0.0023,0.0010,0.023,,0.289,0.261,,0.0041,-0.0011,0.0108
Alm-Prp-Grs-Spr,(Fe0.72Mg0.20Ca0.05Mn0.05)3(Al0.98Fe0.02)2Si3O12,Silicate,"Garnet, Ia-3d",7,9.AD,4.1320,302.3,94.4,110.6,174.500,94.975,94.980,94.977,94.977,94.977,94.977,1.837,0.270,241.176,8.537,6.499,4.794,1.781,0.366,0.312,0.9849,0.0003,0.0001,0.003,,0.275,0.265,,0.0041,-0.0011,0.0106
Alm-Prp,(Fe0.81Mg0.14Ca0.04Mn0.01)3Al2Si3O12,Silicate,"Garnet, Ia-3d",7,9.AD,4.183,304.8,94.4,112.3,176.467,95.131,95.140,95.136,95.136,95.136,95.136,1.855,0.272,241.931,8.515,6.495,4.769,1.786,0.368,0.310,0.9808,0.0005,0.0002,0.005,,0.278,0.266,,0.0041,-0.0011,0.0106
Alm-Spr,(Fe0.52Mn0.46Ca0.01)3Al2Si3O12,Silicate,"Garnet, Ia-3d",7,9.AD,4.2396,306.5,94.36,111.3,176.367,95.630,95.656,95.643,95.643,95.643,95.643,1.844,0.270,243.002,8.466,6.450,4.750,1.783,0.363,0.308,0.9668,0.0014,0.0006,0.014,,0.282,0.261,,0.0040,-0.0011,0.0106
Spr-Alm,(Mn0.54Fe0.46)3Al2Si3O12,Silicate,"Garnet, Ia-3d",7,9.AD,4.249,308.5,94.8,112.3,177.700,96.093,96.120,96.106,96.107,96.107,96.107,1.849,0.271,244.281,8.484,6.467,4.756,1.784,0.364,0.307,0.9664,0.0014,0.0006,0.014,,0.283,0.261,,0.0040,-0.0011,0.0105
Spr-Alm,(Mn0.55Fe0.44Ca0.01)3Al2Si3O12,Silicate,"Garnet, Ia-3d",7,9.AD,4.247,307.3,95.2,109.7,175.567,96.608,96.640,96.624,96.625,96.624,96.624,1.817,0.267,244.938,8.466,6.430,4.770,1.775,0.357,0.310,0.9636,0.0017,0.0007,0.017,,0.280,0.257,,0.0040,-0.0011,0.0105
Spr-Alm-Grs,(Mn0.75Fe0.18Ca0.05Mg0.02)3Al2Si3O12,Silicate,"Garnet, Ia-3d",7,9.AD,4.172,305.5,96.2,111.9,176.433,96.439,96.440,96.440,96.440,96.440,96.440,1.829,0.269,244.729,8.551,6.503,4.808,1.778,0.366,0.315,0.9938,0.0000,0.0000,0.000,,0.271,0.267,,0.0041,-0.0011,0.0104
Spr-Alm,(Mn0.95Fe0.05)3Al2Si3O12,Silicate,"Garnet, Ia-3d",7,9.AD,4.195,309.5,95.2,113.5,178.833,96.301,96.320,96.310,96.311,96.311,96.311,1.857,0.272,244.957,8.558,6.529,4.791,1.786,0.367,0.308,0.9714,0.0010,0.0005,0.010,,0.282,0.263,,0.0040,-0.0011,0.0105
Spr,Mn3Al2Si3O12,Silicate,"Garnet, Ia-3d",7,9.AD,4.185,299.0,92.0,108.2,171.800,93.330,93.360,93.345,93.346,93.346,93.346,1.840,0.270,237.095,8.414,6.407,4.723,1.782,0.362,0.308,0.9644,0.0016,0.0007,0.016,,0.282,0.260,,0.0041,-0.0011,0.0109
Grs,(Ca0.99Mg0.01)3(Al0.98Fe0.02)2Si3O12,Silicate,"Garnet, Ia-3d",7,9.AD,3.597,318.8,102.9,92.1,167.667,106.840,107.080,106.960,106.963,106.959,106.961,1.568,0.237,264.612,9.288,6.827,5.453,1.703,0.289,0.323,0.9078,0.0112,0.0050,0.112,,0.270,0.211,,0.0036,-0.0008,0.0097
Grs,Ca3(Al0.99Fe0.01)2Si3O12,Silicate,"Garnet, Ia-3d",7,9.AD,3.602,321.7,104.6,91.4,168.167,108.579,108.820,108.700,108.703,108.698,108.701,1.547,0.234,268.292,9.323,6.833,5.493,1.697,0.284,0.325,0.9084,0.0111,0.0050,0.111,,0.266,0.208,,0.0036,-0.0008,0.0096
Grs-Alm-Spr,(Ca0.85Fe0.08Mn0.07)3Al2Si3O12,Silicate,"Garnet, Ia-3d",7,9.AD,3.62,317.7,101.1,98.3,171.433,104.373,104.540,104.456,104.459,104.456,104.458,1.641,0.247,260.467,9.265,6.882,5.372,1.725,0.309,0.318,0.9216,0.0080,0.0036,0.080,,0.274,0.224,,0.0037,-0.0009,0.0099
Grs-Pyr-Alm,(Ca0.49Mg0.28Fe0.23)3Al2Si3O12,Silicate,"Garnet, Ia-3d",7,9.AD,3.741,310.2,99.5,100.4,170.333,101.592,101.660,101.626,101.627,101.626,101.627,1.676,0.251,254.303,9.042,6.748,5.212,1.735,0.324,0.321,0.9485,0.0034,0.0015,0.034,,0.269,0.237,,0.0038,-0.0009,0.0101
Grs-Adr,Ca0.97Mg0.02Fe0.01)3(Al0.91Fe0.09)2Si3O12,Silicate,"Garnet, Ia-3d",7,9.AD,3.605,313.6,99.5,90.7,165.000,103.959,104.280,104.119,104.125,104.117,104.121,1.585,0.239,258.074,9.180,6.765,5.374,1.708,0.289,0.317,0.8928,0.0155,0.0069,0.154,,0.277,0.209,,0.0037,-0.0008,0.0101
Grs-Adr,(Ca0.94Fe0.03Mg0.02Mn0.01)3(Al0.86Fe0.14)2Si3O12,Silicate,"Garnet, Ia-3d",7,9.AD,3.659,306.1,98.8,88.7,161.167,102.535,102.760,102.648,102.651,102.647,102.649,1.570,0.237,254.015,9.025,6.637,5.297,1.704,0.290,0.323,0.9089,0.0110,0.0049,0.109,,0.269,0.212,,0.0038,-0.0008,0.0101
Ard-Grs,(Ca0.93Fe0.04Mg0.03)3(Fe0.70Al0.30)2Si3O12,Silicate,"Garnet, Ia-3d",7,9.AD,3.775,281.2,87.9,80.4,147.333,92.507,92.900,92.703,92.710,92.700,92.705,1.589,0.240,229.893,8.472,6.247,4.956,1.710,0.286,0.313,0.8755,0.0212,0.0095,0.212,,0.285,0.205,,0.0041,-0.0009,0.0114
Adr,Ca3(Fe0.96Al0.04)2Si3O12,Silicate,"Garnet, Ia-3d",7,9.AD,3.836,289,85,92,157.667,89.930,90.400,90.165,90.176,90.162,90.169,1.749,0.260,227.188,8.511,6.411,4.848,1.756,0.318,0.294,0.8629,0.0261,0.0117,0.261,,0.310,0.220,,0.0041,-0.0010,0.0118
Adr,Ca3(Fe0.98Al0.02)2Si3O12,Silicate,"Garnet, Ia-3d",7,9.AD,3.843,284,82.9,88.1,153.400,88.329,88.920,88.624,88.638,88.619,88.629,1.731,0.258,222.940,8.406,6.318,4.802,1.750,0.310,0.292,0.8464,0.0335,0.0149,0.334,,0.314,0.213,,0.0041,-0.0010,0.0121
Uv,Ca3Cr2Si3O12,Silicate,"Garnet, Ia-3d",7,9.AD,3.850,304,84,91,162.000,91.754,93.000,92.377,92.413,92.353,92.383,1.754,0.260,232.868,8.606,6.487,4.898,1.757,0.299,0.276,0.7887,0.0679,0.0302,0.674,,0.339,0.198,,0.0038,-0.0009,0.0119
Hgr,Ca3Al2(SiO4)1.72(H4O4)1.28,Silicate,"Garnet, Ia-3d",7,9.AD,3.13,187,63.9,57,100.333,64.336,64.340,64.338,64.338,64.338,64.338,1.559,0.236,159.023,7.711,5.662,4.534,1.701,0.305,0.342,0.9831,0.0003,0.0002,0.003,,0.242,0.231,,0.0062,-0.0015,0.0156
Prp-Maj,Mg3.24Al1.53Si3.23O12 (Prp76Maj24),Silicate,"Garnet, Ia-3d",7,9.AD,3.552,290,91,109,169.333,90.799,90.800,90.800,90.800,90.800,90.800,1.865,0.273,231.093,9.042,6.905,5.056,1.788,0.376,0.314,1.0055,0.0000,0.0000,0.000,,0.271,0.274,,0.0043,-0.0012,0.0110
Prp-Maj,Mg3.01Fe0.17Al1.68Si3.15O12 (Prp78Alm6Maj16),Silicate,"Garnet, Ia-3d",7,9.AD,3.60,296,92,112,173.333,92.000,92.000,92.000,92.006,92.040,92.023,1.884,0.275,234.510,9.066,6.938,5.055,1.794,0.378,0.311,1.0000,0.0000,0.0000,0.000,,0.275,0.275,,0.0043,-0.0012,0.0109
Prp-Maj,Mg3.16Fe0.32Al1.2Si3.36O12  (Prp54Alm10Maj36),Silicate,"Garnet, Ia-3d",7,9.AD,3.61,284.8,88.4,106.4,165.867,88.718,88.720,88.719,88.719,88.719,88.719,1.870,0.273,225.884,8.871,6.777,4.957,1.790,0.374,0.310,0.9910,0.0001,0.0000,0.001,,0.276,0.270,,0.0044,-0.0012,0.0113
Na-Maj,(Na0.62Mg0.38)3(Si0.97Mg0.03)2Si3O12,Silicate,"Garnet, Ia-3d",7,9.AD,3.606,328.5,113.7,96.0,173.500,114.706,114.720,114.713,114.713,114.713,114.713,1.512,0.229,281.991,9.515,6.936,5.640,1.687,0.292,0.346,0.9781,0.0006,0.0003,0.006,,0.237,0.223,,0.0035,-0.0008,0.0088
CGGG,Ca3Ga2Ge3O12,Silicate,"Garnet, Ia-3d",7,4,4.835,251,89,92,145.000,84.940,85.200,85.070,85.071,85.077,85.074,1.704,0.255,213.464,7.311,5.476,4.195,1.743,0.367,0.355,1.1195,0.0153,0.0068,0.153,,0.215,0.288,,0.0050,-0.0013,0.0112
CNGG,Ca3Nb1.5Ge3.5O12,Silicate,"Garnet, Ia-3d",7,4,4.814,236.9,72.1,82.3,133.833,74.094,74.180,74.137,74.139,74.137,74.138,1.805,0.266,187.744,6.952,5.273,3.924,1.772,0.347,0.304,0.9327,0.0058,0.0026,0.058,,0.290,0.247,,0.0051,-0.0013,0.0139
,,,,,,,,,,,,,,,,,,,,,,,,,,,,,,,,,,,,
Ringwoodite,g-Mg2SiO4,Silicate,"Spinel, Fd-3m",7,9.AC,3.559,327,129,113,184.333,119.197,120.200,119.698,119.691,119.729,119.710,1.540,0.233,295.199,9.830,7.197,5.799,1.695,0.346,0.394,1.2056,0.0421,0.0187,0.419,,0.168,0.288,,0.0037,-0.0010,0.0078
Ringwoodite,g-(Mg0.91Fe0.09)2SiO4,Silicate,"Spinel, Fd-3m",7,9.AC,3.701,329,130,118,188.333,118.951,120.200,119.575,119.566,119.618,119.592,1.575,0.238,296.067,9.694,7.134,5.684,1.705,0.359,0.395,1.2322,0.0525,0.0234,0.522,,0.164,0.300,,0.0037,-0.0010,0.0077
Ringwoodite,g-Mg1.852Si0.985H0.356O4,Silicate,"Spinel, Fd-3m",7,9.AC,3.433,290.6,118.4,104.0,166.200,106.897,108.360,107.628,107.612,107.682,107.647,1.544,0.234,265.561,9.498,6.958,5.599,1.696,0.358,0.407,1.2690,0.0684,0.0304,0.680,,0.150,0.304,,0.0042,-0.0011,0.0084
Ringwoodite,g-Mg1.89Si0.97H0.33O4,Silicate,"Spinel, Fd-3m",7,9.AC,3.469,281,117,92,155.000,106.826,108.000,107.413,107.398,107.449,107.424,1.443,0.219,261.771,9.272,6.684,5.565,1.666,0.327,0.416,1.2381,0.0549,0.0244,0.546,,0.144,0.280,,0.0042,-0.0010,0.0085
Ringwoodite,g-Mg1.7Fe0.22H0.16SiO4,Silicate,"Spinel, Fd-3m",7,9.AC,3.651,298,112,115,176.000,102.788,103.800,103.294,103.291,103.332,103.311,1.704,0.255,259.179,9.270,6.943,5.319,1.743,0.386,0.376,1.2240,0.0492,0.0219,0.490,,0.183,0.315,,0.0043,-0.0012,0.0089
Ringwoodite,g-Mg1.633Fe2+0.231Fe3+0.026H0.170SiO4,Silicate,"Spinel, Fd-3m",7,9.AC,3.649,299.7,115.3,112.7,175.033,105.464,106.580,106.022,106.016,106.063,106.039,1.651,0.248,264.634,9.312,6.926,5.390,1.727,0.376,0.385,1.2332,0.0529,0.0235,0.526,,0.174,0.311,,0.0042,-0.0011,0.0087
Ni2SiO4,Ni2SiO4,Silicate,"Spinel, Fd-3m",7,9,5.351,366,106,155,225.333,105.799,105.800,105.800,105.800,105.800,105.800,2.130,0.297,274.446,8.275,6.489,4.447,1.861,0.423,0.290,1.0047,0.0000,0.0000,0.000,,0.295,0.298,,0.0037,-0.0011,0.0094
Mg2GeO4,Mg2GeO4,Silicate,"Spinel, Fd-3m",7,9,4.389,300,126,118,178.667,109.200,112.000,110.600,110.553,110.736,110.645,1.615,0.243,275.046,8.620,6.380,5.020,1.717,0.393,0.420,1.3846,0.1282,0.0566,1.266,,0.127,0.343,,0.0043,-0.0012,0.0079
,,,,,,,,,,,,,,,,,,,,,,,,,,,,,,,,,,,,
Pollucite,"(Cs,Na)AlSi2O6.H2O",Silicate,"Zeolite, Ia-3d",7,9.GB,2.930,105.0,27.0,25.7,52.133,30.950,32.060,31.505,31.542,31.457,31.499,1.655,0.249,78.668,5.668,4.218,3.279,1.729,0.245,0.257,0.6810,0.1794,0.0788,1.762,,0.373,0.154,,0.0105,-0.0021,0.0370
Analcime,Na1.05(Al0.95)Si2.0O6).H2O,Silicate,"Zeolite, Fdd2",7,9.GB,2.239,112.5,27.9,33.4,59.767,31.626,32.560,32.093,32.128,32.063,32.096,1.862,0.272,81.663,6.768,5.167,3.786,1.788,0.297,0.248,0.7054,0.1476,0.0651,1.455,,0.386,0.182,,0.0103,-0.0024,0.0358
,,,,,,,,,,,,,,,,,,,,,,,,,,,,,,,,,,,,
Eulytine,Bi4Si3O12,Silicate,"Eulytine, I-43d",7,9.AD,6.80,136,51.8,23,60.667,53.583,53.680,53.631,53.631,53.630,53.630,1.131,0.159,124.274,4.409,2.987,2.808,1.570,0.169,0.381,0.9168,0.0091,0.0040,0.090,,0.187,0.138,,0.0077,-0.0011,0.0193
Bismuth germanate,Bi4Ge3O12,Silicate,"Eulytine, I-43d",7,9,7.10,116,43.6,27,56.667,43.956,43.960,43.958,43.958,43.958,43.958,1.289,0.192,104.780,4.031,2.826,2.489,1.619,0.233,0.376,0.9798,0.0005,0.0002,0.005,,0.199,0.187,,0.0095,-0.0018,0.0229
,,,,,,,,,,,,,,,,,,,,,,,,,,,,,,,,,,,,
Oxides,,,,,,,,,,,,,,,,,,,,,,,,,,,,,,,,,,,,
YAG,Y3Al5O12,Multiple Oxide,"Garnet, Ia-3d",7,4,4.55,330.6,114.1,111.2,184.333,112.298,112.340,112.319,112.319,112.320,112.320,1.641,0.247,280.072,8.569,6.365,4.968,1.725,0.336,0.345,1.0401,0.0019,0.0008,0.019,,0.233,0.258,,0.0036,-0.0009,0.0088
YEAG,(Y0.74Er0.26)3Al5O12,Multiple Oxide,"Garnet, Ia-3d",7,4,4.96,332,113,114,186.667,111.365,111.400,111.383,111.383,111.383,111.383,1.676,0.251,278.713,8.220,6.135,4.739,1.735,0.343,0.340,1.0367,0.0016,0.0007,0.016,,0.239,0.261,,0.0037,-0.0009,0.0088
YAGG,Y3(Al0.9Ga0.1)5O12 ,Multiple Oxide,"Garnet, Ia-3d",7,4,-,331,114,115,187.000,111.522,111.600,111.561,111.561,111.562,111.562,1.676,0.251,279.167,-,-,-,1.735,0.347,0.344,1.0556,0.0035,0.0016,0.035,,0.232,0.267,,0.0037,-0.0009,0.0088
YAGG,Y3(Al0.8Ga0.2)5O12 ,Multiple Oxide,"Garnet, Ia-3d",7,4,-,326,112,114,184.667,109.520,109.600,109.560,109.561,109.562,109.561,1.686,0.252,274.412,-,-,-,1.737,0.350,0.344,1.0566,0.0036,0.0016,0.036,,0.233,0.268,,0.0037,-0.0010,0.0089
YAGG,Y3(Al0.6Ga0.4)5O12 ,Multiple Oxide,"Garnet, Ia-3d",7,4,-,318,110,116,183.333,106.214,106.400,106.307,106.308,106.311,106.310,1.725,0.257,267.263,-,-,-,1.749,0.365,0.346,1.0891,0.0087,0.0039,0.087,,0.227,0.282,,0.0039,-0.0010,0.0091
YYbAG,"(Y0.61,Yb0.39)3Al5O12",Multiple Oxide,"Garnet, Ia-3d",7,4,5.35,327,115,109,181.667,112.522,112.600,112.561,112.562,112.562,112.562,1.614,0.243,279.879,7.875,5.827,4.587,1.717,0.333,0.352,1.0550,0.0034,0.0015,0.034,,0.225,0.258,,0.0037,-0.0009,0.0087
YYbAG,(Y0.19Yb0.89)3Al5O12,Multiple Oxide,"Garnet, Ia-3d",7,4,6.23,328,115,112,184.000,112.094,112.200,112.147,112.148,112.149,112.148,1.641,0.247,279.630,7.317,5.435,4.243,1.725,0.341,0.351,1.0648,0.0047,0.0021,0.047,,0.225,0.265,,0.0037,-0.0009,0.0087
YbAG,Yb3Al5O12,Multiple Oxide,"Garnet, Ia-3d",7,4,6.61,332,115,114,186.667,112.522,112.600,112.561,112.562,112.563,112.562,1.658,0.249,281.168,7.138,5.314,4.127,1.730,0.343,0.346,1.0550,0.0034,0.0015,0.034,,0.230,0.264,,0.0037,-0.0009,0.0087
LuAG,Lu3Al5O12,Multiple Oxide,"Garnet, Ia-3d",7,4,6.71,342,115,112,188.667,115.000,115.000,115.000,115.000,115.000,115.000,1.641,0.247,286.740,7.139,5.303,4.140,1.725,0.327,0.336,1.0000,0.0000,0.0000,0.000,,0.247,0.247,,0.0035,-0.0009,0.0087
YIG,Y3Fe5O12,Multiple Oxide,"Garnet, Ia-3d",7,4,5.17,269.1,76.4,111,163.700,77.438,77.460,77.449,77.450,77.450,77.450,2.114,0.296,200.697,7.186,5.627,3.870,1.857,0.412,0.284,0.9665,0.0014,0.0006,0.014,,0.308,0.286,,0.0049,-0.0014,0.0131
TIG,Tb3Fe5O12,Multiple Oxide,"Garnet, Ia-3d",7,4,6.548,245.3,77.8,89.7,141.567,77.800,77.800,77.800,77.800,77.800,77.800,1.820,0.268,197.264,6.121,4.650,3.447,1.776,0.366,0.317,1.0000,0.0000,0.0000,0.000,,0.268,0.268,,0.0051,-0.0014,0.0129
EIG,Eu3Fe5O12,Multiple Oxide,"Garnet, Ia-3d",7,4,6.28,255.2,74.4,108.2,157.200,74.037,74.040,74.039,74.039,74.039,74.039,2.123,0.296,191.977,6.384,5.003,3.434,1.859,0.424,0.292,1.0122,0.0002,0.0001,0.002,,0.292,0.300,,0.0052,-0.0016,0.0134
GIG,Gd3Fe5O12,Multiple Oxide,"Garnet, Ia-3d",7,4,6.46,273.1,74.1,125.0,174.367,74.080,74.080,74.080,74.080,74.080,74.080,2.354,0.314,194.671,6.502,5.195,3.386,1.920,0.458,0.271,1.0007,0.0000,0.0000,0.000,,0.314,0.314,,0.0051,-0.0016,0.0135
GGG,Gd3Ga5O12,Multiple Oxide,"Garnet, Ia-3d",7,4,7.08,286,90.2,114,171.333,88.472,88.520,88.496,88.497,88.497,88.497,1.936,0.280,226.492,6.393,4.919,3.535,1.808,0.399,0.315,1.0488,0.0027,0.0012,0.027,,0.263,0.294,,0.0045,-0.0013,0.0111
GEGG,(Gd0.85Er0.15)3Ga5O12,Multiple Oxide,"Garnet, Ia-3d",7,4,7.14,279,86.5,106,163.667,86.500,86.500,86.500,86.560,86.540,86.550,1.892,0.275,220.631,6.251,4.788,3.481,1.796,0.380,0.310,1.0000,0.0000,0.0000,0.000,,0.275,0.275,,0.0045,-0.0012,0.0116
NGG,Nd3Ga5O12,Multiple Oxide,"Garnet, Ia-3d",7,4,6.614,277.8,83.8,111.5,166.933,83.539,83.540,83.539,83.539,83.539,83.539,1.998,0.286,214.789,6.487,5.024,3.554,1.825,0.401,0.302,1.0078,0.0001,0.0000,0.001,,0.283,0.288,,0.0047,-0.0013,0.0119
SGG,Sm3Ga5O12,Multiple Oxide,"Garnet, Ia-3d",7,4,6.857,280.8,86,113.5,169.267,85.044,85.060,85.052,85.052,85.053,85.052,1.990,0.285,218.551,6.421,4.968,3.522,1.823,0.404,0.306,1.0281,0.0009,0.0004,0.009,,0.275,0.293,,0.0046,-0.0013,0.0116
YGG,Y3Ga5O12,Multiple Oxide,"Garnet, Ia-3d",7,4,5.79,290.3,95.5,117.3,174.967,91.684,91.900,91.792,91.794,91.799,91.797,1.906,0.277,234.388,7.166,5.497,3.982,1.800,0.404,0.329,1.1040,0.0118,0.0053,0.118,,0.242,0.306,,0.0045,-0.0013,0.0105
GSGG,Gd3(ScGa)2Ga3O12,Multiple Oxide,"Garnet, Ia-3d",7,4,6.50,272.7,79.7,103.7,160.033,81.553,81.620,81.587,81.588,81.587,81.588,1.962,0.282,209.208,6.431,4.962,3.543,1.815,0.380,0.292,0.9432,0.0041,0.0018,0.041,,0.302,0.265,,0.0046,-0.0013,0.0125
GESGG,(Gd0.67Er0.33)3(ScGa)2Ga3O12,Multiple Oxide,"Garnet, Ia-3d",7,4,6.69,274,81.7,110.2,164.800,81.780,81.780,81.780,81.780,81.780,81.780,2.015,0.287,210.518,6.398,4.963,3.496,1.830,0.402,0.298,0.9976,0.0000,0.0000,0.000,,0.288,0.286,,0.0047,-0.0014,0.0122
LNLLGG,(La2Nd0.3Lu0.7)3Lu2Ga3O12,Multiple Oxide,"Garnet, Ia-3d",7,4,7.36,247,66,108,154.333,67.357,67.400,67.378,67.380,67.379,67.379,2.291,0.309,176.456,5.760,4.579,3.026,1.904,0.437,0.267,0.9496,0.0032,0.0014,0.032,,0.327,0.294,,0.0055,-0.0017,0.0152
,,,,,,,,,,,,,,,,,,,,,,,,,,,,,,,,,,,,
Periclase,MgO  (Fe#0),Monoxide,"Rocksalt, Fm-3m",7,4.AB,3.584,296.1,156.0,94.3,161.567,128.033,133.960,130.997,130.758,131.274,131.016,1.233,0.181,309.377,9.686,6.714,6.046,1.602,0.318,0.527,1.5461,0.2315,0.1012,2.262,,0.029,0.309,,0.0040,-0.0010,0.0064
Ferropericlase,(Mg0.94F1e0.058_0.001)O  (Fe#6),Monoxide,"Rocksalt, Fm-3m",7,4.AB,3.723,281,147,101,161.000,117.287,124.200,120.744,120.455,121.132,120.793,1.333,0.200,289.788,9.300,6.576,5.695,1.633,0.359,0.523,1.6333,0.2947,0.1281,2.863,,0.026,0.350,,0.0044,-0.0012,0.0068
Ferropericlase,(Mg0.850Fe0.149_0.001)O  (Fe#15),Monoxide,"Rocksalt, Fm-3m",7,4.AB,3.948,277,131,111,166.333,106.389,111.800,109.095,108.922,109.416,109.169,1.525,0.231,268.568,8.887,6.491,5.257,1.691,0.401,0.473,1.5783,0.2543,0.1109,2.480,,0.066,0.374,,0.0047,-0.0013,0.0076
Ferropericlase,(Mg0.760Fe0.239_0.001)O  (Fe#24),Monoxide,"Rocksalt, Fm-3m",7,4.AB,4.157,266,123,114,164.667,98.608,104.200,101.404,101.228,101.767,101.498,1.624,0.245,252.401,8.493,6.294,4.939,1.720,0.429,0.462,1.6184,0.2836,0.1234,2.757,,0.069,0.399,,0.0051,-0.0015,0.0081
Ferropericlase,(Mg0.725Fe0.268_0.007)O  (Fe#27),Monoxide,"Rocksalt, Fm-3m",7,4.AB,4.227,268,121,109,162.000,100.099,104.400,102.249,102.136,102.497,102.316,1.584,0.239,253.429,8.401,6.191,4.918,1.708,0.407,0.451,1.5220,0.2148,0.0941,2.103,,0.087,0.371,,0.0049,-0.0014,0.0083
Ferropericlase,(Mg0.628Fe0.363_0.009)O  (Fe#37),Monoxide,"Rocksalt, Fm-3m",7,4.AB,4.4452,259,103,117,164.333,87.267,90.200,88.734,88.691,88.910,88.801,1.852,0.271,225.596,7.974,6.080,4.468,1.785,0.452,0.398,1.4507,0.1680,0.0739,1.653,,0.135,0.391,,0.0054,-0.0017,0.0097
Ferropericlase,(Mg0.462Fe0.515_0.009)O  (Fe#53),Monoxide,"Rocksalt, Fm-3m",7,4.AB,4.769,243,86,120,161.000,74.180,76.200,75.190,75.181,75.318,75.249,2.141,0.298,195.184,7.401,5.810,3.971,1.864,0.494,0.354,1.3984,0.1362,0.0601,1.344,,0.174,0.408,,0.0061,-0.0020,0.0116
Ferropericlase,(Mg0.423Fe0.541_0.0036)O  (Fe#56),Monoxide,"Rocksalt, Fm-3m",7,4.AB,4.847,244,83,117,159.333,73.920,75.200,74.560,74.562,74.631,74.597,2.137,0.298,193.498,7.306,5.733,3.922,1.863,0.480,0.340,1.3071,0.0866,0.0384,0.858,,0.200,0.384,,0.0059,-0.0019,0.0120
Ferropericlase,(Mg0.240Fe0.717_0.043)O  (Fe#75),Monoxide,"Rocksalt, Fm-3m",7,4.AB,5.261,234,67,123,160.000,61.872,62.400,62.136,62.145,62.165,62.155,2.575,0.328,165.043,6.794,5.515,3.437,1.977,0.526,0.286,1.2072,0.0427,0.0190,0.425,,0.259,0.389,,0.0067,-0.0023,0.0149
Ferropericlase,(Mg0.211Fe0.762_0.027)O  (Fe#78),Monoxide,"Rocksalt, Fm-3m",7,4.AB,5.37,231,63.4,122,158.333,59.513,59.840,59.676,59.683,59.693,59.688,2.653,0.333,159.047,6.656,5.430,3.334,1.997,0.528,0.274,1.1633,0.0275,0.0123,0.274,,0.277,0.382,,0.0068,-0.0024,0.0158
Wustite,Fe(0.94-0.95_0.05-0.06)O  (Fe#100),Monoxide,"Rocksalt, Fm-3m",7,4.AB,5.709,218.0,45.8,122.2,154.133,46.618,46.640,46.629,46.630,46.630,46.630,3.306,0.363,127.072,6.155,5.196,2.858,2.154,0.561,0.210,0.9562,0.0024,0.0011,0.024,,0.379,0.348,,0.0077,-0.0028,0.0218
BaO,BaO,Monoxide,"Rocksalt, Fm-3m",7,4,5.992,125.9,34.6,49.1,74.700,36.026,36.120,36.073,36.076,36.074,36.075,2.071,0.292,93.214,4.527,3.531,2.454,1.845,0.390,0.275,0.9010,0.0130,0.0058,0.130,,0.328,0.262,,0.0102,-0.0029,0.0289
Lime,CaO,Monoxide,"Rocksalt, Fm-3m",7,4.AB,3.344,222.2,80.4,59.0,113.400,80.876,80.880,80.878,80.878,80.878,80.878,1.402,0.212,196.030,8.134,5.823,4.918,1.654,0.266,0.362,0.9853,0.0003,0.0001,0.003,,0.217,0.208,,0.0051,-0.0011,0.0124
Cobalt oxide,CoO,Monoxide,"Rocksalt, Fm-3m",7,4,6.44,260,82.4,145,183.333,70.234,72.440,71.337,71.340,71.502,71.421,2.570,0.328,189.440,6.576,5.336,3.328,1.976,0.558,0.317,1.4330,0.1570,0.0691,1.546,,0.192,0.450,,0.0064,-0.0023,0.0121
Manganosite,MnO,Monoxide,"Rocksalt, Fm-3m",7,4.AB,5.37,227.3,79.1,115.8,152.967,67.750,69.760,68.755,68.747,68.889,68.818,2.225,0.305,179.388,6.750,5.337,3.578,1.886,0.509,0.348,1.4188,0.1484,0.0654,1.462,,0.175,0.421,,0.0067,-0.0023,0.0126
SrO,SrO,Monoxide,"Rocksalt, Fm-3m",7,4,5.009,174.2,55.9,47.4,89.667,58.676,58.900,58.788,58.792,58.786,58.789,1.525,0.231,144.734,5.792,4.231,3.426,1.691,0.272,0.321,0.8817,0.0190,0.0085,0.190,,0.273,0.198,,0.0065,-0.0014,0.0179
Monteponite,CdO,Monoxide,"Rocksalt, Fm-3m",7,4.AB,8.27,184.0,45.8,96.0,125.330,45.061,45.078,45.069,45.070,45.070,45.070,2.781,0.339,120.735,4.735,3.893,2.334,2.028,0.522,0.249,1.0410,0.0019,0.0009,0.019,,0.325,0.352,,0.0085,-0.0029,0.0218
,,,,,,,,,,,,,,,,,,,,,,,,,,,,,,,,,,,,
Cuprite,Cu2O,Hemioxide,"Cuprite, Pn-3m",7,4.AA,6.07,121,12.1,105,110.333,10.041,10.460,10.251,10.266,10.305,10.285,10.763,0.455,29.828,4.520,4.263,1.300,3.478,0.868,0.100,1.5125,0.2084,0.0913,2.041,,0.288,0.618,,0.0427,-0.0198,0.0826
,,,,,,,,,,,,,,,,,,,,,,,,,,,,,,,,,,,,
Uraninite,UO2,Dioxide,"Fluorite, Fm-3m",7,4.DL,10.97,392.5,61.9,120,210.833,79.184,91.640,85.412,86.266,84.281,85.273,2.468,0.322,225.751,5.441,4.384,2.790,1.950,0.306,0.158,0.4543,0.7865,0.3267,7.292,,0.560,0.134,,0.0030,-0.0007,0.0162
Thorianite,ThO2,Dioxide,"Fluorite, Fm-3m",7,4.DL,10.01,367,79.7,106,193.000,94.399,100.020,97.209,97.476,96.918,97.197,1.985,0.284,249.705,5.677,4.391,3.116,1.822,0.289,0.217,0.6107,0.2977,0.1293,2.891,,0.442,0.161,,0.0031,-0.0007,0.0125
Cerianite,CeO2,Dioxide,"Fluorite, Fm-3m",7,4.DL,7.22,403,60,105,204.333,78.836,95.600,87.218,88.378,85.319,86.848,2.343,0.313,229.063,6.664,5.320,3.476,1.917,0.261,0.149,0.4027,1.0632,0.4311,9.610,,0.581,0.109,,0.0028,-0.0006,0.0167
Yttria stabilitzed Zirconia,ZrO2x8.5%Y2O3,Dioxide,"Fluorite, Fm-3m",7,4,5.96,430,64,94,206.000,85.063,105.600,95.332,96.698,92.747,94.723,2.161,0.300,247.774,7.476,5.879,3.999,1.869,0.219,0.149,0.3810,1.2071,0.4836,10.771,,0.581,0.092,,0.0025,-0.0005,0.0156
Yttria stabilitzed Zirconia,ZrO2x12%Y2O3,Dioxide,"Fluorite, Fm-3m",7,4,5.908,413,61,112,212.333,80.039,96.800,88.420,89.597,86.555,88.076,2.401,0.317,232.927,7.476,5.995,3.869,1.933,0.271,0.148,0.4053,1.0470,0.4251,9.478,,0.584,0.113,,0.0027,-0.0006,0.0164
,,,,,,,,,,,,,,,,,,,,,,,,,,,,,,,,,,,,
Yttriaite,Y2O3,Sesquioxide,"Bixbyite, Ia-3",7,4.CB,5.033,223.7,74.6,112.4,149.500,65.657,67.020,66.338,66.341,66.422,66.381,2.254,0.307,173.372,6.876,5.450,3.631,1.894,0.502,0.333,1.3405,0.1038,0.0459,1.027,,0.199,0.403,,0.0067,-0.0023,0.0134
Avicennite,Tl2O3,Sesquioxide,"Bixbyite, Ia-3",7,4.CB,10.2,177,32.8,99.2,125.133,34.995,35.240,35.118,35.132,35.123,35.127,3.563,0.372,96.340,4.106,3.503,1.856,2.213,0.560,0.185,0.8432,0.0350,0.0156,0.349,,0.431,0.319,,0.0095,-0.0034,0.0305
,,,,,,,,,,,,,,,,,,,,,,,,,,,,,,,,,,,,
Spinel ,MgAl2O4,Multiple Oxide,"Spinel, Fd-3m",7,4.BB,3.578,282.3,153.9,155.8,197.967,97.821,117.640,107.731,106.295,109.823,108.059,1.838,0.270,273.568,9.771,7.438,5.487,1.781,0.552,0.545,2.4332,1.0130,0.4125,9.198,,-0.073,0.592,,0.0058,-0.0021,0.0065
Spinel (Natural),MgAl2O4,Multiple Oxide,"Spinel, Fd-3m",7,4.BB,3.574,292.5,156.6,168.9,210.100,97.051,118.680,107.865,106.237,110.272,108.254,1.948,0.281,276.310,9.951,7.667,5.494,1.811,0.577,0.535,2.5340,1.1143,0.4499,10.026,,-0.081,0.624,,0.0059,-0.0022,0.0064
MgO 3.5Al2O3,MgO 3.5Al2O3,Multiple Oxide,"Spinel, Fd-3m",7,4,3.630,300.5,158.5,153.7,202.633,108.283,124.460,116.371,115.400,117.892,116.646,1.741,0.259,293.021,9.928,7.471,5.662,1.753,0.511,0.527,2.1594,0.7470,0.3113,6.951,,-0.033,0.528,,0.0051,-0.0017,0.0063
MgO 3.0Al2O3,MgO 3.0Al2O3,Multiple Oxide,"Spinel, Fd-3m",7,4,3.624,299,158,154.4,202.600,107.181,123.720,115.451,114.440,117.027,115.733,1.755,0.261,291.065,9.919,7.477,5.644,1.757,0.516,0.528,2.1853,0.7715,0.3209,7.163,,-0.036,0.535,,0.0052,-0.0018,0.0063
MgO 2.6Al2O3,MgO 2.6Al2O3,Multiple Oxide,"Spinel, Fd-3m",7,4,3.6193,298.6,157.6,153.7,202.000,107.202,123.540,115.371,114.380,116.920,115.650,1.751,0.260,290.758,9.915,7.471,5.646,1.756,0.515,0.528,2.1753,0.7620,0.3172,7.080,,-0.035,0.533,,0.0052,-0.0018,0.0063
Spinel-Hercynite,(Mg0.82Fe3+0.09Fe2+0.09)(Al1.76Fe0.06Cr0.18)O4,Multiple Oxide,"Spinel, Fd-3m",7,4,3.83,264.8,142.6,154.5,191.267,87.256,107.620,97.438,95.858,99.739,97.799,1.963,0.282,249.881,9.158,7.067,5.044,1.816,0.583,0.539,2.5857,1.1669,0.4690,10.450,,-0.088,0.635,,0.0066,-0.0024,0.0070
Spinel-Hercynite,(Mg0.75Fe0.36)Al1.9O4,Multiple Oxide,"Spinel, Fd-3m",7,4.BB,3.826,269.5,143.5,163.3,198.700,85.367,107.340,96.353,94.562,98.953,96.758,2.062,0.291,248.838,9.247,7.207,5.018,1.843,0.606,0.532,2.7024,1.2870,0.5122,11.402,,-0.100,0.666,,0.0068,-0.0026,0.0070
Hercynite,FeAl2O4,Multiple Oxide,"Spinel, Fd-3m",7,4.BB,4.280,266.0,133.5,182.5,210.333,71.047,96.800,83.923,81.400,87.467,84.433,2.506,0.324,222.215,8.677,7.010,4.428,1.959,0.686,0.502,3.1976,1.8124,0.6916,15.343,,-0.148,0.788,,0.0085,-0.0035,0.0075
Spinel-Galaxite,(Mg0.74Mn0.26)Al2O4,Multiple Oxide,"Spinel, Fd-3m",7,4.BB,3.73,282.6,145.5,161.5,201.867,93.198,111.520,102.359,101.114,104.339,102.726,1.972,0.283,262.679,9.524,7.357,5.239,1.818,0.571,0.515,2.4030,0.9829,0.4013,8.950,,-0.057,0.604,,0.0061,-0.0022,0.0069
Spinel-Galaxite,(Mg0.53Mn0.47)Al2O4,Multiple Oxide,"Spinel, Fd-3m",7,4.BB,3.86,282.7,143.1,162.3,202.433,92.273,109.940,101.107,99.941,103.015,101.478,2.002,0.286,260.029,9.347,7.242,5.118,1.826,0.574,0.506,2.3771,0.9573,0.3917,8.737,,-0.051,0.603,,0.0061,-0.0022,0.0070
Spinel-Galaxite,(Mg0.24Mn0.76)Al2O4,Multiple Oxide,"Spinel, Fd-3m",7,4.BB,4.02,276.4,129.7,164.8,202.000,84.785,100.140,92.463,91.546,94.159,92.853,2.185,0.301,240.667,8.995,7.089,4.796,1.876,0.596,0.469,2.3244,0.9055,0.3722,8.303,,-0.029,0.614,,0.0065,-0.0024,0.0077
Galaxite,MnAl2O4,Multiple Oxide,"Spinel, Fd-3m",7,4.BB,4.15,271.3,124.9,164.8,200.300,81.198,96.240,88.719,87.823,90.414,89.119,2.258,0.307,231.916,8.762,6.947,4.624,1.895,0.607,0.460,2.3455,0.9263,0.3800,8.477,,-0.029,0.625,,0.0068,-0.0026,0.0080
Gahnite-Hercynite,(Zn0.74Fe0.18Mg0.08)Al2O4,Multiple Oxide,"Spinel, Fd-3m",7,4.BB,4.644,290,146,169,209.333,93.273,111.800,102.537,101.293,104.575,102.934,2.042,0.289,264.435,8.632,6.714,4.699,1.837,0.583,0.503,2.4132,0.9931,0.4051,9.034,,-0.054,0.614,,0.0060,-0.0022,0.0068
CoAl2O4,CoAl2O4,Multiple Oxide,"Spinel, Fd-3m",7,4,4.416,290.5,138.6,170.3,210.367,91.037,107.200,99.118,98.151,100.873,99.512,2.122,0.296,256.993,8.807,6.902,4.738,1.859,0.586,0.477,2.3062,0.8877,0.3654,8.154,,-0.030,0.604,,0.0061,-0.0022,0.0072
CoFe2O4,CoFe2O4,Multiple Oxide,"Spinel, Fd-3m",7,4,5.304,257.1,85.3,150.0,185.700,68.948,72.600,70.774,70.743,71.089,70.916,2.624,0.331,188.389,7.267,5.917,3.653,1.989,0.583,0.332,1.5929,0.2648,0.1154,2.580,,0.153,0.494,,0.0068,-0.0025,0.0117
Jacobsite,MnFe2O4,Multiple Oxide,"Spinel, Fd-3m",7,4.BB,5.0,213,86,135,161.000,58.028,67.200,62.614,62.184,63.660,62.922,2.571,0.328,166.285,6.993,5.675,3.539,1.976,0.634,0.404,2.2051,0.7903,0.3281,7.325,,0.014,0.625,,0.0092,-0.0036,0.0116
Franklinite-Jacobsite,(Mn0.40Fe0.16Zn0.37Mg0.03)(Fe1.94Al0.08)O4,Multiple Oxide,"Spinel, Fd-3m",7,4.BB,5.038,244,77,142,176.000,63.958,66.600,65.279,65.273,65.496,65.385,2.696,0.335,174.288,7.226,5.911,3.600,2.007,0.582,0.316,1.5098,0.2066,0.0905,2.024,,0.178,0.478,,0.0072,-0.0026,0.0130
Jacobsite-Zincochromite,(Mn0.49Zn0.45)Fe2.06O4,Multiple Oxide,"Spinel, Fd-3m",7,4.BB,5.133,234,88.5,142,172.667,64.619,71.500,68.060,67.847,68.764,68.305,2.537,0.326,180.467,7.164,5.800,3.641,1.967,0.607,0.378,1.9239,0.5324,0.2263,5.055,,0.070,0.564,,0.0079,-0.0030,0.0113
Jacobsite-Zincochromite,(Mn0.62Zn0.34)Fe2.04O4,Multiple Oxide,"Spinel, Fd-3m",7,4.BB,5.2,249,78,169,195.667,56.522,62.800,59.661,59.516,60.383,59.949,3.280,0.362,162.470,7.275,6.134,3.387,2.148,0.679,0.313,1.9500,0.5554,0.2355,5.262,,0.095,0.615,,0.0089,-0.0036,0.0128
Trevorite,NiFe2O4,Multiple Oxide,"Spinel, Fd-3m",7,4.BB,5.369,273.1,82.3,160.7,198.167,69.407,71.860,70.633,70.640,70.832,70.736,2.806,0.341,189.397,7.379,6.075,3.627,2.034,0.588,0.301,1.4644,0.1767,0.0777,1.737,,0.196,0.473,,0.0065,-0.0024,0.0122
Franklinite,ZnFe2O4,Multiple Oxide,"Spinel, Fd-3m",7,4.BB,5.324,250.5,96.2,148.4,182.433,71.061,78.140,74.600,74.389,75.300,74.844,2.445,0.320,196.955,7.277,5.854,3.743,1.944,0.592,0.384,1.8844,0.4981,0.2124,4.745,,0.074,0.549,,0.0071,-0.0027,0.0104
Magnetite,Fe3O4,Multiple Oxide,"Spinel, Fd-3m",7,4.BB,5.196,260.5,63.3,148.3,185.700,60.209,60.420,60.315,60.321,60.326,60.324,3.079,0.353,163.267,7.157,5.978,3.407,2.101,0.569,0.243,1.1283,0.0175,0.0078,0.175,,0.309,0.393,,0.0065,-0.0024,0.0158
Ulvospinel,Fe2TiO4,Multiple Oxide,"Spinel, Fd-3m",7,4.BB,4.775,139.0,39.6,112.0,121.000,22.331,29.160,25.745,25.280,26.834,26.057,4.700,0.401,72.121,5.703,5.034,2.322,2.456,0.806,0.285,2.9333,1.5291,0.5966,13.263,,-0.058,0.853,,0.0256,-0.0114,0.0253
Chromite,FeCr2O4,Multiple Oxide,"Spinel, Fd-3m",7,4.BB,4.45,322,117,144,203.333,103.922,105.800,104.861,104.855,104.958,104.907,1.939,0.280,268.438,8.781,6.760,4.854,1.809,0.447,0.363,1.3146,0.0903,0.0400,0.895,,0.181,0.366,,0.0043,-0.0013,0.0085
NiCr2O4,NiCr2O4,Multiple Oxide,"Spinel, Fd-3m",7,4,5.257,174,58,169,170.667,5.870,35.800,20.835,9.761,27.777,18.769,8.191,0.441,60.062,6.144,5.698,1.991,3.086,0.971,0.333,23.2000,25.4917,4.0428,71.824,,-0.775,1.724,,0.1340,-0.0660,0.0172
"(Ni,Zn)Cr2O4",Ni0.73Zn0.27Cr2O4,Multiple Oxide,"Spinel, Fd-3m",7,4,5.276,196,61,172,180.000,23.165,41.400,32.282,29.500,35.782,32.641,5.576,0.415,91.384,6.502,5.841,2.474,2.629,0.878,0.311,5.0833,3.9361,1.2984,28.244,,-0.297,1.138,,0.0284,-0.0133,0.0164
"(Ni,Zn)Cr2O4",Ni0.37Zn0.63Cr2O4,Multiple Oxide,"Spinel, Fd-3m",7,4,5.324,239,81,180,199.667,47.695,60.400,54.047,53.227,55.897,54.562,3.694,0.376,148.723,7.144,6.124,3.186,2.242,0.753,0.339,2.7458,1.3320,0.5281,11.754,,-0.046,0.787,,0.0119,-0.0051,0.0123
Zincochromite,ZnCr2O4,Multiple Oxide,"Spinel, Fd-3m",7,4.BB,5.367,256,85,142,180.000,71.041,73.800,72.421,72.409,72.633,72.521,2.485,0.323,191.570,7.178,5.791,3.673,1.954,0.555,0.332,1.4912,0.1942,0.0852,1.905,,0.172,0.459,,0.0065,-0.0023,0.0118
,,,,,,,,,,,,,,,,,,,,,,,,,,,,,,,,,,,,
Tausonite,SrTIO3,Multiple Oxide,"Perovskite, Pm-3m",7,4.CC,5.12,315.8,122.5,102.2,173.400,115.697,116.220,115.958,115.956,115.970,115.963,1.495,0.227,284.465,8.004,5.820,4.759,1.682,0.324,0.388,1.1470,0.0226,0.0101,0.226,,0.179,0.266,,0.0038,-0.0009,0.0082
KTaO3,KTaO3,Multiple Oxide,"Perovskite, Pm-3m",7,4,7.012,393.6,107.1,130,217.867,115.779,116.980,116.380,116.416,116.366,116.391,1.872,0.273,296.368,7.294,5.574,4.074,1.790,0.330,0.272,0.8126,0.0519,0.0231,0.516,,0.343,0.217,,0.0030,-0.0008,0.0093
KNbO3  (733 K),KNbO3  (733 K),Multiple Oxide,"Perovskite, Pm-3m",7,4,4.585,255,90,80,138.333,88.983,89.000,88.992,88.992,88.992,88.992,1.554,0.235,219.834,7.487,5.493,4.406,1.699,0.314,0.353,1.0286,0.0010,0.0004,0.010,,0.225,0.243,,0.0046,-0.0011,0.0111
,,,,,,,,,,,,,,,,,,,,,,,,,,,,,,,,,,,,
Sillenite (BSO),Bi12SiO20,Multiple Oxide,"Sillenite, I23",7,4.CB,9.15,129,24.7,29.4,62.600,30.937,34.740,32.839,33.041,32.508,32.774,1.906,0.277,83.853,3.410,2.616,1.894,1.800,0.228,0.191,0.4960,0.6146,0.2592,5.790,,0.492,0.116,,0.0085,-0.0016,0.0405
BGO,Bi12GeO20,Multiple Oxide,"Sillenite, I23",7,4,9.23,127.5,25.5,28,61.167,31.676,35.200,33.438,33.614,33.144,33.379,1.829,0.269,84.852,3.385,2.574,1.903,1.778,0.220,0.200,0.5126,0.5563,0.2359,5.269,,0.475,0.115,,0.0085,-0.0015,0.0392
BTO,Bi12TiO20,Multiple Oxide,"Sillenite, I23",7,4,9.074,125,24.2,27.5,60.000,30.304,34.020,32.162,32.356,31.836,32.096,1.866,0.273,81.860,3.367,2.571,1.883,1.789,0.220,0.194,0.4964,0.6130,0.2586,5.776,,0.487,0.113,,0.0087,-0.0016,0.0413
,,,,,,,,,,,,,,,,,,,,,,,,,,,,,,,,,,,,
Halides,,,,,,,,,,,,,,,,,,,,,,,,,,,,,,,,,,,,
Frankdicksonite,BaF2,Dihalide,"Fluorite, Fm-3m",7,3.AB,4.886,91.1,25.3,41.0,57.700,25.199,25.200,25.200,25.200,25.200,25.200,2.290,0.309,65.992,4.323,3.436,2.271,1.903,0.450,0.278,1.0100,0.0001,0.0001,0.001,,0.306,0.312,,0.0152,-0.0047,0.0395
CdF2,CdF2,Dihalide,"Fluorite, Fm-3m",7,11,6.386,182.7,21.75,66.74,105.393,28.998,36.242,32.620,33.246,31.794,32.520,3.231,0.360,88.708,4.829,4.062,2.260,2.136,0.365,0.119,0.3751,1.2491,0.4986,11.104,,0.644,0.130,,0.0068,-0.0018,0.0460
Fluorite,CaF2,Dihalide,"Fluorite, Fm-3m",7,3.AB,3.181,164.6,33.8,44.4,84.467,40.972,44.320,42.646,42.815,42.428,42.622,1.981,0.284,109.508,6.665,5.153,3.661,1.820,0.270,0.205,0.5624,0.4086,0.1756,3.926,,0.465,0.144,,0.0069,-0.0015,0.0296
Strontiofluorite,SrF2,Dihalide,"Fluorite, Fm-3m",7,3.AB,4.278,124,31.8,44,70.667,34.641,35.080,34.860,34.876,34.855,34.866,2.027,0.288,89.812,5.233,4.064,2.855,1.833,0.355,0.256,0.7950,0.0634,0.0282,0.630,,0.365,0.225,,0.0099,-0.0026,0.0314
Fluorocronite,PbF2,Dihalide,"Fluorite, Fm-3m",7,3,7.75,95.6,20.9,46.3,62.733,22.254,22.400,22.327,22.334,22.329,22.331,2.810,0.341,59.878,3.455,2.845,1.697,2.035,0.484,0.219,0.8479,0.0328,0.0146,0.326,,0.398,0.292,,0.0153,-0.0050,0.0478
,,,,,,,,,,,,,,,,,,,,,,,,,,,,,,,,,,,,
Parascandolaite,KMgF3,Complex Halide,"Perovskite, Pm-3m",7,3.AA,3.151,136,49.4,42,73.333,48.411,48.440,48.426,48.426,48.426,48.426,1.514,0.229,119.068,6.615,4.824,3.920,1.688,0.309,0.363,1.0511,0.0030,0.0013,0.030,,0.212,0.243,,0.0086,-0.0020,0.0202
KMnF3,KMnF3,Complex Halide,"Perovskite, Pm-3m",7,3,3.392,112.81,26.99,37.61,62.677,30.424,31.234,30.829,30.862,30.808,30.835,2.033,0.289,79.459,5.531,4.299,3.015,1.835,0.333,0.239,0.7178,0.1331,0.0588,1.314,,0.398,0.201,,0.0106,-0.0027,0.0371
KNiF3,KNiF3,Complex Halide,"Perovskite, Pm-3m",7,3,3.98,158,40.3,48.5,85.067,45.084,46.120,45.602,45.639,45.574,45.607,1.865,0.273,116.066,6.054,4.623,3.385,1.789,0.307,0.255,0.7347,0.1149,0.0508,1.136,,0.374,0.192,,0.0074,-0.0017,0.0248
KZnF3,KZnF3,Complex Halide,"Perovskite, Pm-3m",7,3,4.02,134.5,38.2,53.0,80.167,39.181,39.220,39.200,39.201,39.201,39.201,2.045,0.290,101.119,5.741,4.467,3.123,1.838,0.394,0.284,0.9374,0.0050,0.0022,0.050,,0.312,0.271,,0.0096,-0.0027,0.0262
RbCdF3,RbCdF3,Complex Halide,"Perovskite, Pm-3m",7,3,4.97,109.6,20.4,37.3,61.400,24.706,26.700,25.703,25.822,25.591,25.706,2.389,0.316,67.666,4.387,3.515,2.274,1.929,0.340,0.186,0.5643,0.4036,0.1736,3.880,,0.497,0.171,,0.0110,-0.0028,0.0490
RbCaF3,RbCaF3,Complex Halide,"Perovskite, Pm-3m",7,3,3.43,102,21.5,24.5,50.333,26.158,28.400,27.279,27.386,27.121,27.253,1.845,0.270,69.315,5.028,3.831,2.820,1.783,0.240,0.211,0.5548,0.4286,0.1839,4.110,,0.455,0.131,,0.0108,-0.0021,0.0465
RbCoF3,RbCoF3,Complex Halide,"Perovskite, Pm-3m",7,3,4.76,129.6,41.5,55.4,80.133,39.620,39.740,39.680,39.682,39.684,39.683,2.019,0.287,102.176,5.287,4.103,2.887,1.831,0.427,0.320,1.1186,0.0151,0.0067,0.151,,0.248,0.322,,0.0104,-0.0031,0.0241
RbMnF3,RbMnF3,Complex Halide,"Perovskite, Pm-3m",7,3,4.27,116.5,32,42,66.833,33.912,34.100,34.006,34.011,34.006,34.009,1.965,0.282,87.224,5.125,3.956,2.822,1.816,0.361,0.275,0.8591,0.0277,0.0124,0.277,,0.334,0.240,,0.0106,-0.0028,0.0313
TlCdF3,TlCdF3,Complex Halide,"Perovskite, Pm-3m",7,3,7.301,102.8,17.7,38.5,59.933,21.580,23.480,22.530,22.655,22.424,22.539,2.660,0.333,60.063,3.510,2.865,1.757,1.998,0.375,0.172,0.5505,0.4403,0.1887,4.217,,0.521,0.179,,0.0122,-0.0033,0.0565
TlMnCl3,TlMnCl3,Complex Halide,"Perovskite, Pm-3m",7,3,6.84,44.8,16.1,28.3,33.800,11.662,12.960,12.311,12.272,12.450,12.361,2.746,0.338,32.934,2.709,2.223,1.342,2.020,0.632,0.359,1.9515,0.5567,0.2361,5.274,,0.074,0.585,,0.0437,-0.0169,0.0621
CsCdF3,CsCdF3,Complex Halide,"Perovskite, Pm-3m",7,3,5.62,107.8,25.0,40.5,62.933,27.865,28.460,28.163,28.189,28.153,28.171,2.235,0.305,73.521,4.228,3.346,2.239,1.889,0.376,0.232,0.7429,0.1067,0.0472,1.056,,0.404,0.224,,0.0117,-0.0032,0.0400
LiBaF3,LiBaF3,Complex Halide,"Perovskite, Pm-3m",7,3,5.24,130,48.7,46.4,74.267,45.684,45.940,45.812,45.811,45.819,45.815,1.621,0.244,113.996,5.082,3.765,2.957,1.719,0.357,0.375,1.1651,0.0281,0.0125,0.280,,0.191,0.289,,0.0095,-0.0025,0.0205
,,,,,,,,,,,,,,,,,,,,,,,,,,,,,,,,,,,,
Griceite,LiF,Monohalide,"Rocksalt, Fm-3m",7,3.AA,2.640,113.1,63.2,46.7,68.833,46.421,51.200,48.811,48.547,49.160,48.854,1.410,0.213,118.437,7.122,5.106,4.300,1.656,0.413,0.559,1.9036,0.5147,0.2191,4.895,,-0.021,0.422,,0.0117,-0.0034,0.0158
LiCl,LiCl,Monohalide,"Rocksalt, Fm-3m",7,3,2.068,49.3,24.9,22.7,31.567,18.460,20.260,19.360,19.276,19.502,19.389,1.631,0.245,48.222,5.268,3.907,3.060,1.722,0.460,0.505,1.8722,0.4876,0.2081,4.649,,0.013,0.455,,0.0286,-0.0090,0.0402
LiBr,LiBr,Monohalide,"Rocksalt, Fm-3m",7,3,3.464,39.4,19.1,18.9,25.733,14.197,15.560,14.878,14.819,14.989,14.904,1.730,0.258,37.423,3.627,2.726,2.072,1.750,0.480,0.485,1.8634,0.4801,0.2050,4.581,,0.025,0.468,,0.0368,-0.0119,0.0524
LiI,LiI,Monohalide,"Rocksalt, Fm-3m",7,3,4.061,29.1,14.1,14.2,19.167,10.390,11.440,10.915,10.868,11.003,10.936,1.756,0.261,27.521,2.882,2.172,1.639,1.758,0.488,0.485,1.8926,0.5052,0.2152,4.809,,0.022,0.477,,0.0505,-0.0166,0.0709
Villiaumite,NaF,Monohalide,"Rocksalt, Fm-3m",7,3.AA,2.78,97.0,28.1,24.2,48.467,30.920,31.420,31.170,31.182,31.156,31.169,1.555,0.235,77.003,5.691,4.175,3.348,1.699,0.249,0.290,0.7720,0.0808,0.0359,0.802,,0.320,0.170,,0.0115,-0.0023,0.0356
Halite,NaCl,Monohalide,"Rocksalt, Fm-3m",7,3.AA,2.165,49.2,12.8,12.9,25.000,14.511,14.940,14.725,14.740,14.710,14.725,1.698,0.254,36.926,4.541,3.398,2.608,1.741,0.262,0.260,0.7052,0.1478,0.0652,1.457,,0.367,0.166,,0.0228,-0.0047,0.0781
NaBr,NaBr,Monohalide,"Rocksalt, Fm-3m",7,3,3.203,40.2,10.0,10.7,20.533,11.479,11.900,11.689,11.705,11.672,11.688,1.757,0.261,29.475,3.358,2.532,1.910,1.758,0.266,0.249,0.6780,0.1836,0.0806,1.803,,0.387,0.163,,0.0280,-0.0059,0.1000
NaI,NaI,Monohalide,"Rocksalt, Fm-3m",7,3,3.667,30.2,7.3,9.0,16.067,8.338,8.620,8.479,8.490,8.469,8.480,1.895,0.276,21.632,2.732,2.093,1.521,1.797,0.298,0.242,0.6887,0.1689,0.0743,1.661,,0.397,0.180,,0.0384,-0.0088,0.1370
Carobbiite,KF,Monohalide,"Rocksalt, Fm-3m",7,3.AA,2.481,65.2,12.6,15.0,31.733,15.734,17.600,16.667,16.765,16.508,16.637,1.904,0.277,42.552,4.663,3.576,2.592,1.799,0.230,0.193,0.5020,0.5929,0.2506,5.597,,0.488,0.118,,0.0168,-0.0031,0.0794
Sylvite,KCl,Monohalide,"Rocksalt, Fm-3m",7,3.AA,1.984,40.6,6.3,7.0,18.200,8.400,10.500,9.450,9.579,9.171,9.375,1.926,0.279,24.167,3.940,3.029,2.182,1.805,0.172,0.155,0.3750,1.2500,0.4990,11.111,,0.564,0.075,,0.0259,-0.0038,0.1587
KBr,KBr,Monohalide,"Rocksalt, Fm-3m",7,3,2.75,34.6,5.1,5.7,15.333,6.881,8.840,7.860,7.984,7.581,7.783,1.951,0.281,20.140,3.064,2.361,1.691,1.812,0.165,0.147,0.3529,1.4235,0.5602,12.461,,0.580,0.069,,0.0303,-0.0043,0.1961
KI,KI,Monohalide,"Rocksalt, Fm-3m",7,3,3.128,27.4,3.7,4.4,12.067,5.078,6.820,5.949,6.065,5.675,5.870,2.028,0.288,15.328,2.529,1.964,1.379,1.834,0.161,0.135,0.3217,1.7158,0.6597,14.645,,0.608,0.063,,0.0382,-0.0053,0.2703
RbF,RbF,Monohalide,"Rocksalt, Fm-3m",7,3,3.557,55.2,9.2,14.5,28.067,11.782,13.660,12.721,12.840,12.541,12.690,2.206,0.303,33.154,3.558,2.809,1.891,1.881,0.263,0.167,0.4521,0.7969,0.3307,7.380,,0.543,0.120,,0.0203,-0.0042,0.1087
RbCl,RbCl,Monohalide,"Rocksalt, Fm-3m",7,3,2.76,36.3,4.7,6.2,16.202,6.485,8.849,7.667,7.831,7.288,7.559,2.113,0.296,19.868,3.094,2.423,1.667,1.856,0.170,0.129,0.3118,1.8227,0.6950,15.417,,0.622,0.064,,0.0290,-0.0042,0.2128
RbBr,RbBr,Monohalide,"Rocksalt, Fm-3m",7,3,3.35,31.0,3.8,4.9,13.600,5.304,7.500,6.402,6.557,6.024,6.291,2.124,0.297,16.601,2.571,2.015,1.382,1.859,0.158,0.123,0.2912,2.0705,0.7748,17.153,,0.638,0.057,,0.0337,-0.0046,0.2632
RbI,RbI,Monohalide,"Rocksalt, Fm-3m",7,3,3.55,25.7,2.8,3.7,11.033,3.990,6.080,5.035,5.189,4.631,4.910,2.191,0.302,13.110,2.236,1.763,1.191,1.877,0.144,0.109,0.2545,2.6197,0.9421,20.759,,0.670,0.048,,0.0404,-0.0051,0.3571
CsF,CsF,Monohalide,"Rocksalt, Fm-3m",7,3,4.115,45.3,7.7,15.4,25.367,9.553,10.600,10.077,10.145,10.004,10.075,2.517,0.325,26.695,3.071,2.483,1.565,1.962,0.340,0.170,0.5151,0.5479,0.2325,5.195,,0.531,0.160,,0.0267,-0.0068,0.1299
Chlorargyrite,AgCl,Monohalide,"Rocksalt, Fm-3m",7,3.AA,5.56,59.6,6.22,36.1,43.933,7.663,8.432,8.047,8.123,8.018,8.070,5.459,0.414,22.753,3.136,2.811,1.203,2.606,0.606,0.104,0.5294,0.5021,0.2140,4.781,,0.614,0.234,,0.0309,-0.0117,0.1608
Bromaargyrite,AgBr,Monohalide,"Rocksalt, Fm-3m",7,3.AA,6.48,56.3,7.26,32.8,40.633,8.570,9.056,8.813,8.854,8.805,8.829,4.611,0.399,24.656,2.843,2.504,1.166,2.438,0.583,0.129,0.6179,0.2836,0.1234,2.758,,0.556,0.259,,0.0311,-0.0114,0.1377
,,,,,,,,,,,,,,,,,,,,,,,,,,,,,,,,,,,,
CsCl,CsCl,Monohalide,"CsCl, Pm-3m",7,3,3.988,36.6,7.9,8.7,18.000,9.558,10.320,9.939,9.974,9.887,9.931,1.811,0.267,25.182,2.799,2.125,1.579,1.773,0.238,0.216,0.5663,0.3986,0.1715,3.833,,0.445,0.132,,0.0301,-0.0058,0.1266
CsBr,CsBr,Monohalide,"CsCl, Pm-3m",7,3,4.44,30.7,7.5,8.2,15.700,8.654,9.000,8.827,8.840,8.812,8.826,1.779,0.263,22.301,2.487,1.880,1.410,1.764,0.267,0.244,0.6667,0.2000,0.0877,1.961,,0.394,0.162,,0.0367,-0.0077,0.1333
CsI,CsI,Monohalide,"CsCl, Pm-3m",7,3,4.50,24.5,6.3,6.6,12.567,7.146,7.360,7.253,7.260,7.245,7.253,1.733,0.258,18.249,2.223,1.671,1.270,1.751,0.269,0.257,0.7039,0.1495,0.0659,1.473,,0.372,0.169,,0.0461,-0.0098,0.1587
Salammoniac,NH4Cl,Monohalide,"CsCl, Pm-3m",7,3.AA,1.53,38.1,8.63,9.37,18.947,10.270,10.924,10.597,10.625,10.558,10.592,1.788,0.264,26.795,4.650,3.519,2.632,1.767,0.246,0.227,0.6008,0.3184,0.1380,3.085,,0.426,0.141,,0.0291,-0.0057,0.1159
,,,,,,,,,,,,,,,,,,,,,,,,,,,,,,,,,,,,
Nantokite,CuCl,Monohalide,"Sphalerite, F-43m",7,3.AA,4.145,45.4,13.6,36.3,39.333,7.574,9.980,8.777,8.604,9.159,8.881,4.481,0.396,24.508,3.509,3.080,1.455,2.411,0.800,0.300,2.9890,1.5883,0.6168,13.706,,-0.070,0.855,,0.0761,-0.0338,0.0735
CuBr,CuBr,Monohalide,"Sphalerite, F-43m",7,3,4.71,45.8,13.9,35.4,38.867,8.327,10.420,9.374,9.253,9.685,9.469,4.146,0.388,26.028,3.302,2.873,1.411,2.341,0.773,0.303,2.6731,1.2566,0.5013,11.163,,-0.024,0.792,,0.0670,-0.0292,0.0719
Marshite,CuI,Monohalide,"Sphalerite, F-43m",7,3.AA,5.67,45.1,18.2,30.7,35.500,11.297,13.800,12.548,12.395,12.870,12.632,2.829,0.342,33.677,3.035,2.502,1.488,2.040,0.681,0.404,2.5278,1.1081,0.4476,9.975,,-0.034,0.704,,0.0494,-0.0200,0.0549
,,,,,,,,,,,,,,,,,,,,,,,,,,,,,,,,,,,,
Sulfides,,,,,,,,,,,,,,,,,,,,,,,,,,,,,,,,,,,,
Galena,PbS,Monosulfide,"Rocksalt, Fm-3m",7,2.CD,7.597,127,23.0,24.4,58.600,29.512,34.320,31.916,32.178,31.410,31.794,1.836,0.270,81.036,3.649,2.777,2.050,1.780,0.192,0.181,0.4483,0.8145,0.3375,7.532,,0.511,0.094,,0.0084,-0.0014,0.0435
Oldhamite,CaS,Monosulfide,"Rocksalt, Fm-3m",7,2.CD,2.61,122.6,33.1,22.0,55.533,38.345,39.980,39.162,39.207,39.071,39.139,1.418,0.215,95.126,6.425,4.613,3.874,1.659,0.179,0.270,0.6581,0.2132,0.0934,2.088,,0.347,0.117,,0.0086,-0.0013,0.0302
Niningerite,MgS,Monosulfide,"Rocksalt, Fm-3m",7,2.CD,2.68,86.5,50.0,57.6,67.233,25.201,35.780,30.490,29.289,31.929,30.609,2.205,0.303,79.459,6.345,5.009,3.373,1.881,0.666,0.578,3.4602,2.0990,0.7838,17.349,,-0.195,0.796,,0.0247,-0.0099,0.0200
Alabandite,MnS,Monosulfide,"Rocksalt, Fm-3m",7,2.CD,3.99,137.7,50.6,48.3,78.100,48.062,48.240,48.151,48.151,48.156,48.154,1.622,0.244,119.828,5.972,4.424,3.474,1.719,0.351,0.367,1.1320,0.0185,0.0082,0.184,,0.201,0.280,,0.0089,-0.0023,0.0198
Altaite,PbTe,Monotelluride,"Rocksalt, Fm-3m",7,2.CD,8.19,107,13.2,8,41.000,18.679,27.720,23.200,23.770,21.454,22.612,1.767,0.262,58.555,2.964,2.237,1.683,1.761,0.075,0.123,0.2667,2.4200,0.8827,19.485,,0.623,0.028,,0.0094,-0.0007,0.0758
Clausthalite,PbSe,Monoselenide,"Rocksalt, Fm-3m",7,2.CD,8.15,120.75,15.7,16.6,51.317,21.788,30.250,26.019,26.582,24.590,25.586,1.972,0.283,66.771,3.249,2.509,1.787,1.818,0.137,0.130,0.3015,1.9420,0.7338,16.262,,0.618,0.053,,0.0086,-0.0010,0.0637
,,,,,,,,,,,,,,,,,,,,,,,,,,,,,,,,,,,,
Sphalerite,ZnS,Monosulfide,"Sphalerite, F-43m",7,2.CB,4.088,102,44.6,64.6,77.067,28.700,34.240,31.470,31.145,32.122,31.634,2.449,0.320,83.099,5.396,4.342,2.775,1.945,0.633,0.437,2.3850,0.9652,0.3947,8.802,,-0.025,0.649,,0.0193,-0.0075,0.0224
Metacinnabar,b-(Hg0.98Fe0.02)S,Monosulfide,"Sphalerite, F-43m",7,2.CB,7.6,67.5,24.2,51.86,57.073,13.168,17.648,15.408,15.041,16.093,15.567,3.704,0.376,42.407,3.196,2.740,1.424,2.244,0.768,0.359,3.0946,1.7013,0.6549,14.540,,-0.099,0.844,,0.0446,-0.0194,0.0413
Coloradoite,HgTe,Monotelluride,"Sphalerite, F-43m",7,2.CB,8.1,53.2,20.8,36.8,42.267,12.882,15.760,14.321,14.148,14.697,14.422,2.951,0.348,38.603,2.752,2.284,1.330,2.070,0.692,0.391,2.5366,1.1170,0.4509,10.048,,-0.031,0.713,,0.0433,-0.0177,0.0481
Tiemannite,HgSe,Monoselenide,"Sphalerite, F-43m",7,2.CB,8.237,60.8,22.3,44.6,50.000,13.108,16.620,14.864,14.627,15.362,14.994,3.364,0.365,40.572,2.911,2.464,1.343,2.167,0.734,0.367,2.7531,1.3396,0.5308,11.813,,-0.055,0.774,,0.0434,-0.0184,0.0448
Stilleite,ZnSe,Monoselenide,"Sphalerite, F-43m",7,2.CB,5.27,86.4,40.2,51.5,63.133,26.421,31.100,28.761,28.488,29.276,28.882,2.195,0.302,74.907,4.388,3.461,2.336,1.878,0.596,0.465,2.3037,0.8854,0.3645,8.134,,-0.025,0.611,,0.0209,-0.0078,0.0249
,,,,,,,,,,,,,,,,,,,,,,,,,,,,,,,,,,,,
Pyrite,FeS2,Disulfide,"Pyrite, Pa-3",7,2.EB,5.010,366,106,35.0,145.333,123.804,129.800,126.802,126.911,126.378,126.645,1.146,0.162,294.699,7.922,5.386,5.031,1.575,0.096,0.290,0.6405,0.2422,0.1058,2.364,,0.301,0.067,,0.0028,-0.0002,0.0094
Hauerite,MnS2,Disulfide,"Pyrite, Pa-3",7,2.EB,3.502,111.6,36.2,38.6,62.933,36.319,36.320,36.320,36.320,36.320,36.320,1.733,0.258,91.380,5.639,4.239,3.220,1.751,0.346,0.324,0.9918,0.0001,0.0000,0.001,,0.261,0.256,,0.0109,-0.0028,0.0276
,,,,,,,,,,,,,,,,,,,,,,,,,,,,,,,,,,,,
Greigite,Fe3S4,Complex Sulfide,"Spinel, Fd-3m",7,2.DA,4.08,104.7,39.0,41.8,62.767,35.583,35.980,35.782,35.780,35.797,35.789,1.754,0.260,90.204,5.204,3.922,2.961,1.757,0.399,0.372,1.2401,0.0558,0.0248,0.555,,0.184,0.326,,0.0124,-0.0035,0.0256
,,,,,,,,,,,,,,,,,,,,,,,,,,,,,,,,,,,,
Nitrates,,,,,,,,,,,,,,,,,,,,,,,,,,,,,,,,,,,,
Nitrobarite,Ba(NO3)2,Nitrate,"Pyrite, Pa-3",7,5.NA,3.25,29.3,12.8,20.6,23.500,7.203,9.420,8.312,8.129,8.618,8.374,2.827,0.342,22.305,3.262,2.689,1.599,2.040,0.703,0.437,2.9425,1.5388,0.6000,13.336,,-0.100,0.774,,0.0814,-0.0336,0.0781
strontium nitrate,Sr(NO3)2,Nitrate,"Pyrite, Pa-3",7,5,2.99,42.88,15.8,29.5,33.960,10.229,12.156,11.192,11.096,11.437,11.266,3.034,0.352,30.253,4.043,3.370,1.935,2.090,0.688,0.368,2.3617,0.9422,0.3860,8.611,,0.003,0.686,,0.0531,-0.0216,0.0633
lead nitrate,Pb(NO3)2,Nitrate,"Pyrite, Pa-3",7,5,4.53,37.4,13.4,27.7,30.933,7.859,9.980,8.919,8.777,9.223,9.000,3.468,0.368,24.412,3.075,2.613,1.403,2.191,0.741,0.358,2.7629,1.3498,0.5344,11.893,,-0.054,0.780,,0.0723,-0.0308,0.0746
,,,,,,,,,,,,,,,,,,,,,,,,,,,,,,,,,,,,
Carbon and Carbides,,,,,,,,,,,,,,,,,,,,,,,,,,,,,,,,,,,,
Tantalcarbide,TaC,Monocarbide,"Rocksalt, Fm-3m",7,1.BA,14.65,621,166.8,155.3,310.533,188.148,193.220,190.684,190.837,190.498,190.667,1.629,0.245,474.856,6.209,4.604,3.608,1.721,0.250,0.269,0.7163,0.1348,0.0595,1.330,,0.354,0.162,,0.0018,-0.0004,0.0060
Niobcarbide,Nb0.865C,Monocarbide,"Rocksalt, Fm-3m",7,1.BA,7.725,566.4,153.1,116.9,266.733,175.477,181.760,178.618,178.796,178.314,178.555,1.493,0.226,438.070,8.084,5.876,4.809,1.681,-,0.270,0.6812,0.1790,0.0787,1.759,,0.349,0.134,,0.0019,-0.0003,0.0065
,,,,,,,,,,,,,,,,,,,,,,,,,,,,,,,,,,,,
Moissanite (3C),SiC,Monocarbide,"Sphalerite, F-43m",7,1.DA,3.209,399,251,133,221.667,185.255,203.800,194.528,193.332,195.681,194.507,1.140,0.161,451.507,12.243,8.311,7.786,1.573,0.333,0.629,1.8872,0.5005,0.2133,4.767,,-0.062,0.354,,0.0030,-0.0008,0.0040
,,,,,,,,,,,,,,,,,,,,,,,,,,,,,,,,,,,,
Diamond,C,Diamond,"Diamond, Fd-3m",7,1.CB,3.51,1077.1,577.1,124.7,442.167,532.010,536.740,534.375,534.194,534.378,534.286,0.827,0.069,1142.766,18.137,11.224,12.339,1.470,0.116,0.536,1.2119,0.0445,0.0198,0.443,,0.008,0.115,,0.0010,-0.0001,0.0017
,,,,,,,,,,,,,,,,,,,,,,,,,,,,,,,,,,,,
Nitrides,,,,,,,,,,,,,,,,,,,,,,,,,,,,,,,,,,,,
Osbornite,TiN,Mononitride,"Rocksalt, Fm-3m",7,1.BC,5.39,625,163,165,318.333,184.498,189.800,187.149,187.323,186.957,187.140,1.701,0.254,469.450,10.264,7.685,5.892,1.742,0.264,0.261,0.7087,0.1437,0.0634,1.417,,0.366,0.167,,0.0018,-0.0004,0.0061
NbN,NbN,Mononitride,"Rocksalt, Fm-3m",7,1,8.43,556,125,152,286.667,147.488,155.800,151.644,152.013,151.212,151.613,1.890,0.275,386.739,7.615,5.831,4.241,,0.273,0.225,0.6188,0.2818,0.1226,2.741,,0.429,0.156,,0.0020,-0.0004,0.0080
VN,VN,Mononitride,"Rocksalt, Fm-3m",7,1,6.11,533,133,135,267.667,153.343,159.400,156.371,156.589,156.101,156.345,1.712,0.256,392.652,8.828,6.619,5.059,,0.253,0.250,0.6683,0.1975,0.0866,1.937,,0.385,0.156,,0.0021,-0.0004,0.0075
,,,,,,,,,,,,,,,,,,,,,,,,,,,,,,,,,,,,
Qingsongite,BN,Mononitride,"Sphalerite, F-43m",7,1,3.480,809.8,474.7,178.1,388.667,395.198,411.160,403.179,402.386,403.690,403.038,0.964,0.115,898.763,16.314,10.568,10.764,1.516,0.220,0.586,1.5029,0.2020,0.0885,1.980,,-0.021,0.225,,0.0013,-0.0002,0.0021
,,,,,,,,,,,,,,,,,,,,,,,,,,,,,,,,,,,,
c-Si3N4,Si3N4,Complex Nitride,"Spinel, Fd-3m",7,1,-,511,326,174,286.333,237.283,263.000,250.141,248.420,251.804,250.112,1.145,0.162,581.183,,#VALUE!,#VALUE!,1.574,0.341,0.638,1.9347,0.5419,0.2301,5.141,,-0.070,0.364,,0.0024,-0.0006,0.0031
,,,,,,,,,,,,,,,,,,,,,,,,,,,,,,,,,,,,
Phosphides,,,,,,,,,,,,,,,,,,,,,,,,,,,,,,,,,,,,
BP,BP,Monophosphide,"Sphalerite, F-43m",7,1,2.9,315,160,100,171.667,133.852,139.000,136.426,136.243,136.652,136.447,1.258,0.186,323.564,11.042,7.694,6.859,1.610,0.317,0.508,1.4884,0.1923,0.0844,1.887,,0.047,0.303,,0.0037,-0.0009,0.0063
,,,,,,,,,,,,,,,,,,,,,,,,,,,,,,,,,,,,
,,,,,,,,,,,,,,,,,,,,,,,,,,,,,,,,,,,,
,,,,,,,,,,,,,,,,,,,,,,,,,,,,,,,,,,,,
,,,,,,,,,,,,,,,,,,,,,,,,,,,,,,,,,,,,
,,,,,,,,,,,,,,,,,,,,,,,,,,,,,,,,,,,,
,,,,,,,,,,,,,,,,,,,,,,,,,,,,,,,,,,,,
